Workbook

Sheet Accounts
A1: Paper Bot Live: accounts
A2: Rebuilt by the bot after every session from journal.csv. Totals are formulas over the Journal tab.
A4: Account ($) | B4: Trades | C4: Wins | D4: Win rate | E4: P&L ($) | F4: R total | G4: Avg R | H4: Value ($)
A5: 200 | B5: =COUNTIF(Journal!$B:$B,A5) | C5: =COUNTIFS(Journal!$B:$B,A5,Journal!$L:$L,">0") | D5: =IFERROR(C5/B5,0) | E5: =SUMIF(Journal!$B:$B,A5,Journal!$L:$L) | F5: =SUMIF(Journal!$B:$B,A5,Journal!$M:$M) | G5: =IFERROR(F5/B5,0) | H5: =A5+E5
A6: 250 | B6: =COUNTIF(Journal!$B:$B,A6) | C6: =COUNTIFS(Journal!$B:$B,A6,Journal!$L:$L,">0") | D6: =IFERROR(C6/B6,0) | E6: =SUMIF(Journal!$B:$B,A6,Journal!$L:$L) | F6: =SUMIF(Journal!$B:$B,A6,Journal!$M:$M) | G6: =IFERROR(F6/B6,0) | H6: =A6+E6
A7: 350 | B7: =COUNTIF(Journal!$B:$B,A7) | C7: =COUNTIFS(Journal!$B:$B,A7,Journal!$L:$L,">0") | D7: =IFERROR(C7/B7,0) | E7: =SUMIF(Journal!$B:$B,A7,Journal!$L:$L) | F7: =SUMIF(Journal!$B:$B,A7,Journal!$M:$M) | G7: =IFERROR(F7/B7,0) | H7: =A7+E7
A8: 400 | B8: =COUNTIF(Journal!$B:$B,A8) | C8: =COUNTIFS(Journal!$B:$B,A8,Journal!$L:$L,">0") | D8: =IFERROR(C8/B8,0) | E8: =SUMIF(Journal!$B:$B,A8,Journal!$L:$L) | F8: =SUMIF(Journal!$B:$B,A8,Journal!$M:$M) | G8: =IFERROR(F8/B8,0) | H8: =A8+E8
A9: 550 | B9: =COUNTIF(Journal!$B:$B,A9) | C9: =COUNTIFS(Journal!$B:$B,A9,Journal!$L:$L,">0") | D9: =IFERROR(C9/B9,0) | E9: =SUMIF(Journal!$B:$B,A9,Journal!$L:$L) | F9: =SUMIF(Journal!$B:$B,A9,Journal!$M:$M) | G9: =IFERROR(F9/B9,0) | H9: =A9+E9
A10: 1000 | B10: =COUNTIF(Journal!$B:$B,A10) | C10: =COUNTIFS(Journal!$B:$B,A10,Journal!$L:$L,">0") | D10: =IFERROR(C10/B10,0) | E10: =SUMIF(Journal!$B:$B,A10,Journal!$L:$L) | F10: =SUMIF(Journal!$B:$B,A10,Journal!$M:$M) | G10: =IFERROR(F10/B10,0) | H10: =A10+E10
A11: Total | B11: =SUM(B5:B10) | C11: =SUM(C5:C10) | D11: =IFERROR(C11/B11,0) | E11: =SUM(E5:E10) | F11: =SUM(F5:F10) | G11: =IFERROR(F11/B11,0) | H11: =SUM(H5:H10)
A13: Trading days | B13: =SUMPRODUCT(1/COUNTIF(Journal!A2:A5000,Journal!A2:A5000&""))-1
A14: Average $/day | B14: =IFERROR(E11/B13,0)
A15: Goal $/day | B15: 20

Sheet Journal
A1: date | B1: account | C1: strategy | D1: ticker | E1: shares | F1: entry | G1: stop | H1: half_at | I1: target | J1: exit | K1: exit_reason | L1: pnl | M1: R | N1: size | O1: p | P1: test | Q1: reason
A2: 2026-10-12 | B2: 200 | C2: vwap_pullback | D2: BORR | E2: 24 | F2: 5.17 | G2: 5.09 | H2: 5.25 | I2: 5.33 | J2: 5.05 | K2: stop | L2: -2.88 | M2: -1.44 | N2: 1 | P2: 1 | Q2: VWAP pullback: +7.3%, dipped to VWAP 5.10, reclaimed with green bar | news: [Google News] Borr Drilling (BORR) Wins New Rig Work As 2027
A3: 2026-10-12 | B3: 250 | C3: failed_breakdown | D3: CCC | E3: 33 | F3: 7.57 | G3: 7.51 | H3: 7.63 | I3: 7.69 | J3: 7.69 | K3: target | L3: 3 | M3: 1.2 | N3: 1 | P3: 1 | Q3: Failed breakdown: flushed to 7.52 under opening-range low 7.54, reclaimed it | news: [Benzinga] Why Is CCC Intelligent Solutions Stock Surging Mo
A4: 2026-10-12 | B4: 400 | C4: vwap_pullback | D4: BORR | E4: 49 | F4: 5.17 | G4: 5.09 | H4: 5.25 | I4: 5.33 | J4: 5.05 | K4: stop | L4: -5.88 | M4: -1.47 | N4: 1 | P4: 1 | Q4: VWAP pullback: +7.3%, dipped to VWAP 5.10, reclaimed with green bar | news: [Google News] Borr Drilling (BORR) Wins New Rig Work As 2027
A5: 2026-10-12 | B5: 550 | C5: failed_breakdown | D5: CCC | E5: 72 | F5: 7.57 | G5: 7.51 | H5: 7.63 | I5: 7.69 | J5: 7.69 | K5: target | L5: 6.48 | M5: 1.18 | N5: 1 | P5: 1 | Q5: Failed breakdown: flushed to 7.52 under opening-range low 7.54, reclaimed it | news: [Benzinga] Why Is CCC Intelligent Solutions Stock Surging Mo
A6: 2026-10-12 | B6: 350 | C6: bull_flag | D6: ALHC | E6: 29 | F6: 8.11 | G6: 7.99 | H6: 8.23 | I6: 8.35 | J6: 7.95 | K6: stop | L6: -4.64 | M6: -1.33 | N6: 1 | P6: 1 | Q6: Bull flag: 3.7% pole, 0.9% flag on light vol, broke 8.07 | news: [Google News] Is Alignment Healthcare (ALHC) Cheap Following

Sheet Signals
A1: date | B1: time | C1: ticker | D1: stop | E1: sig_bar | F1: p | G1: status | H1: R | I1: why | J1: strategy | K1: minute | L1: chg | M1: gap | N1: log_rvol | O1: vwap_dist | P1: risk_pct | Q1: hod_dist | R1: log_pm_rvol | S1: log_price | T1: spy_chg | U1: cat | V1: cat_earnings | W1: cat_fda | X1: cat_deal | Y1: cat_analyst | Z1: cat_mna | AA1: nofill_mkt | AB1: nofill_lim | AC1: Rg_mkt_h2 | AD1: cu_mkt_h2 | AE1: px_mkt_h2 | AF1: rk_mkt_h2 | AG1: Rg_mkt_r3 | AH1: cu_mkt_r3 | AI1: px_mkt_r3 | AJ1: rk_mkt_r3 | AK1: Rg_mkt_tr | AL1: cu_mkt_tr | AM1: px_mkt_tr | AN1: rk_mkt_tr | AO1: Rg_lim_h2 | AP1: cu_lim_h2 | AQ1: px_lim_h2 | AR1: rk_lim_h2 | AS1: Rg_lim_r3 | AT1: cu_lim_r3 | AU1: px_lim_r3 | AV1: rk_lim_r3 | AW1: Rg_lim_tr | AX1: cu_lim_tr | AY1: px_lim_tr | AZ1: rk_lim_tr | BA1: spread_pct
A2: 2026-10-12 | B2: 09:57 | C2: CCC | D2: 7.51 | E2: 2026-10-12 09:56:00-04:00 | G2: off | H2: 1.5 | I2: target | J2: failed_breakdown | K2: 27 | L2: 0.077635339 | M2: 0.094017073 | N2: 1.777077 | O2: -0.0086126468 | P2: 0.0072703314 | Q2: -0.022609783 | R2: 0 | S2: 2.0235324 | T2: 0.00019261387 | U2: 1 | V2: 0 | W2: 0 | X2: 0 | Y2: 0 | Z2: 0 | AA2: 0 | AB2: 0 | AC2: 1.5 | AD2: 1 | AE2: 7.555 | AF2: 0.045 | AG2: 3 | AH2: 1 | AI2: 7.555 | AJ2: 0.045 | AK2: 1.8333 | AL2: 1.5 | AM2: 7.555 | AN2: 0.045 | AO2: 1.5 | AP2: 0 | AQ2: 7.555 | AR2: 0.045 | AS2: 3 | AT2: 0 | AU2: 7.555 | AV2: 0.045 | AW2: 1.8333 | AX2: 0.5 | AY2: 7.555 | AZ2: 0.045 | BA2: 0.00132
A3: 2026-10-12 | B3: 10:03 | C3: TRAX | D3: 35.54 | E3: 2026-10-12 10:02:00-04:00 | G3: off | H3: 0.465 | I3: breakeven | J3: failed_breakdown | K3: 33 | L3: 0.13673474 | M3: 0.24332804 | N3: 3.643971 | O3: -0.054086026 | P3: 0.018367678 | Q3: -0.10604934 | R3: 0 | S3: 3.5891973 | T3: -8.9917828e-05 | U3: 1 | V3: 0 | W3: 0 | X3: 0 | Y3: 0 | Z3: 0 | AA3: 0 | AB3: 0 | AC3: 0.5 | AD3: 1.5 | AE3: 36.205 | AF3: 0.665 | AG3: -1 | AH3: 2 | AI3: 36.205 | AJ3: 0.665 | AK3: 0.5 | AL3: 1.5 | AM3: 36.205 | AN3: 0.665 | AO3: 0.5 | AP3: 0.5 | AQ3: 36.205 | AR3: 0.665 | AS3: -1 | AT3: 1 | AU3: 36.205 | AV3: 0.665 | AW3: 0.5 | AX3: 0.5 | AY3: 36.205 | AZ3: 0.665 | BA3: 0.01184
A4: 2026-10-12 | B4: 10:06 | C4: ALHC | D4: 7.99 | E4: 2026-10-12 10:05:00-04:00 | G4: off | H4: -1.174 | I4: stop | J4: bull_flag | K4: 36 | L4: 0.071570571 | M4: -0.0072896361 | N4: 0.83304762 | O4: 0.022562679 | P4: 0.011750159 | Q4: -0.0012353587 | R4: 0 | S4: 2.0900105 | T4: -0.00021832707 | U4: 1 | V4: 0 | W4: 0 | X4: 0 | Y4: 0 | Z4: 0 | AA4: 0 | AB4: 0 | AC4: 0.5 | AD4: 1.5 | AE4: 8.085 | AF4: 0.095 | AG4: -1 | AH4: 2 | AI4: 8.085 | AJ4: 0.095 | AK4: 0.8684 | AL4: 1.5 | AM4: 8.085 | AN4: 0.095 | AO4: 0.5 | AP4: 0.5 | AQ4: 8.085 | AR4: 0.095 | AS4: -1 | AT4: 1 | AU4: 8.085 | AV4: 0.095 | AW4: 0.8684 | AX4: 0.5 | AY4: 8.085 | AZ4: 0.095 | BA4: 0.00124
A5: 2026-10-12 | B5: 10:08 | C5: FRO | D5: 59 | E5: 2026-10-12 10:07:00-04:00 | G5: off | H5: 0.295 | I5: breakeven | J5: vwap_pullback | K5: 38 | L5: 0.054367257 | M5: 0.039215701 | N5: 1.2550788 | O5: 0.0034936917 | P5: 0.0025359513 | Q5: -0.0067170062 | R5: 0 | S5: 4.0800766 | T5: -0.00077319925 | U5: 1 | V5: 0 | W5: 0 | X5: 0 | Y5: 0 | Z5: 0 | AA5: 0 | AB5: 0 | AC5: 0.5 | AD5: 1.5 | AE5: 59.13 | AF5: 0.13 | AG5: -1 | AH5: 2 | AI5: 59.13 | AJ5: 0.13 | AK5: 0.5 | AL5: 1.5 | AM5: 59.13 | AN5: 0.13 | AO5: 0.5 | AP5: 0.5 | AQ5: 59.13 | AR5: 0.13 | AS5: -1 | AT5: 1 | AU5: 59.13 | AV5: 0.13 | AW5: 0.5 | AX5: 0.5 | AY5: 59.13 | AZ5: 0.13 | BA5: 0.00051
A6: 2026-10-12 | B6: 10:11 | C6: BORR | D6: 5.09 | E6: 2026-10-12 10:10:00-04:00 | G6: off | H6: -1.333 | I6: stop | J6: vwap_pullback | K6: 41 | L6: 0.073221734 | M6: 0.031380672 | N6: 1.8204223 | O6: 0.0054366736 | P6: 0.0077972931 | Q6: -0.019120441 | R6: 0 | S6: 1.6351057 | T6: -0.00077076904 | U6: 1 | V6: 0 | W6: 0 | X6: 0 | Y6: 0 | Z6: 0 | AA6: 0 | AB6: 0 | AC6: -1 | AD6: 2 | AE6: 5.13 | AF6: 0.04 | AG6: -1 | AH6: 2 | AI6: 5.13 | AJ6: 0.04 | AK6: -1 | AL6: 2 | AM6: 5.13 | AN6: 0.04 | AO6: -1 | AP6: 1 | AQ6: 5.13 | AR6: 0.04 | AS6: -1 | AT6: 1 | AU6: 5.13 | AV6: 0.04 | AW6: -1 | AX6: 1 | AY6: 5.13 | AZ6: 0.04 | BA6: 0.00195
A7: 2026-10-12 | B7: 10:15 | C7: FRO | D7: 58.93 | E7: 2026-10-12 10:14:00-04:00 | G7: off | H7: -1.184 | I7: stop | J7: ema_bounce | K7: 45 | L7: 0.057575819 | M7: 0.039215701 | N7: 1.2224261 | O7: 0.0058773505 | P7: 0.0067419824 | Q7: -0.003694331 | R7: 0 | S7: 4.0831151 | T7: -0.0010018743 | U7: 1 | V7: 0 | W7: 0 | X7: 0 | Y7: 0 | Z7: 0 | AA7: 0 | AB7: 0 | AC7: -1 | AD7: 2 | AE7: 59.33 | AF7: 0.4 | AG7: -1 | AH7: 2 | AI7: 59.33 | AJ7: 0.4 | AK7: -1 | AL7: 2 | AM7: 59.33 | AN7: 0.4 | AO7: -1 | AP7: 1 | AQ7: 59.33 | AR7: 0.4 | AS7: -1 | AT7: 1 | AU7: 59.33 | AV7: 0.4 | AW7: -1 | AX7: 1 | AY7: 59.33 | AZ7: 0.4 | BA7: 0.00034
A8: 2026-10-12 | B8: 10:16 | C8: ASTS | D8: 53.3 | E8: 2026-10-12 10:15:00-04:00 | G8: off | H8: -1.146 | I8: stop | J8: ema_bounce | K8: 46 | L8: 0.055147656 | M8: 0.046894916 | N8: 1.9284249 | O8: 0.003482506 | P8: 0.0088441678 | Q8: -0.016359937 | R8: 0 | S8: 3.9848198 | T8: -0.00061013989 | U8: 1 | V8: 0 | W8: 0 | X8: 0 | Y8: 1 | Z8: 0 | AA8: 0 | AB8: 0 | AC8: -1 | AD8: 2 | AE8: 53.7683 | AF8: 0.4683 | AG8: -1 | AH8: 2 | AI8: 53.7683 | AJ8: 0.4683 | AK8: -1 | AL8: 2 | AM8: 53.7683 | AN8: 0.4683 | AO8: -1 | AP8: 1 | AQ8: 53.7683 | AR8: 0.4683 | AS8: -1 | AT8: 1 | AU8: 53.7683 | AV8: 0.4683 | AW8: -1 | AX8: 1 | AY8: 53.7683 | AZ8: 0.4683 | BA8: 0.00056
A9: 2026-10-12 | B9: 10:17 | C9: DHT | D9: 26.11 | E9: 2026-10-12 10:16:00-04:00 | G9: off | H9: -1.14 | I9: stop | J9: ema_bounce | K9: 47 | L9: 0.069602281 | M9: 0.043019537 | N9: 1.4023081 | O9: 0.010966021 | P9: 0.0092961315 | Q9: -0.0043445325 | R9: 0 | S9: 3.271658 | T9: -0.00085802147 | U9: 1 | V9: 0 | W9: 0 | X9: 0 | Y9: 0 | Z9: 0 | AA9: 0 | AB9: 0 | AC9: -1 | AD9: 2 | AE9: 26.355 | AF9: 0.245 | AG9: -1 | AH9: 2 | AI9: 26.355 | AJ9: 0.245 | AK9: -1 | AL9: 2 | AM9: 26.355 | AN9: 0.245 | AO9: -1 | AP9: 1 | AQ9: 26.355 | AR9: 0.245 | AS9: -1 | AT9: 1 | AU9: 26.355 | AV9: 0.245 | AW9: -1 | AX9: 1 | AY9: 26.355 | AZ9: 0.245 | BA9: 0.00038
A10: 2026-10-12 | B10: 10:24 | C10: ALHC | D10: 7.99 | E10: 2026-10-12 10:23:00-04:00 | G10: off | H10: -1.16 | I10: stop | J10: ema_bounce | K10: 54 | L10: 0.07300203 | M10: -0.0072896361 | N10: 0.73601493 | O10: 0.020070088 | P10: 0.013068553 | Q10: -0.0017508332 | R10: 0 | S10: 2.0913455 | T10: -0.00080918206 | U10: 1 | V10: 0 | W10: 0 | X10: 0 | Y10: 0 | Z10: 0 | AA10: 0 | AB10: 0 | AC10: -1 | AD10: 2 | AE10: 8.095 | AF10: 0.105 | AG10: -1 | AH10: 2 | AI10: 8.095 | AJ10: 0.105 | AK10: -1 | AL10: 2 | AM10: 8.095 | AN10: 0.105 | AO10: -1 | AP10: 1 | AQ10: 8.095 | AR10: 0.105 | AS10: -1 | AT10: 1 | AU10: 8.095 | AV10: 0.105 | AW10: -1 | AX10: 1 | AY10: 8.095 | AZ10: 0.105 | BA10: 0.00124
A11: 2026-10-12 | B11: 10:28 | C11: DHT | D11: 26.15 | E11: 2026-10-12 10:27:00-04:00 | G11: off | H11: -1.5 | I11: stop | J11: vwap_pullback | K11: 58 | L11: 0.062500039 | M11: 0.043019537 | N11: 1.3125106 | O11: 0.003613428 | P11: 0.0011459246 | Q11: -0.010955762 | R11: 0 | S11: 3.2649958 | T11: -0.00088640007 | U11: 1 | V11: 0 | W11: 0 | X11: 0 | Y11: 0 | Z11: 0 | AA11: 0 | AB11: 1 | BA11: 0.00038
A12: 2026-10-12 | B12: 10:30 | C12: CCC | D12: 7.61 | E12: 2026-10-12 10:29:00-04:00 | G12: off | H12: -0.804 | I12: time | J12: ema_bounce | K12: 60 | L12: 0.096282049 | M12: 0.094017073 | N12: 1.5853114 | O12: 0.008302855 | P12: 0.011161783 | Q12: -0.0056976497 | R12: 0 | S12: 2.0406877 | T12: -0.00082203866 | U12: 1 | V12: 0 | W12: 0 | X12: 0 | Y12: 0 | Z12: 0 | AA12: 0 | AB12: 0 | AC12: -0.5116 | AD12: 2 | AE12: 7.6919 | AF12: 0.0819 | AG12: -0.5116 | AH12: 2 | AI12: 7.6919 | AJ12: 0.0819 | AK12: -0.5116 | AL12: 2 | AM12: 7.6919 | AN12: 0.0819 | AO12: -0.5116 | AP12: 1 | AQ12: 7.6919 | AR12: 0.0819 | AS12: -0.5116 | AT12: 1 | AU12: 7.6919 | AV12: 0.0819 | AW12: -0.5116 | AX12: 1 | AY12: 7.6919 | AZ12: 0.0819 | BA12: 0.0013
A13: 2026-10-12 | B13: 10:31 | C13: ASTS | D13: 53.32 | E13: 2026-10-12 10:30:00-04:00 | G13: off | H13: -1.229 | I13: stop | J13: vwap_pullback | K13: 61 | L13: 0.052486986 | M13: 0.046894916 | N13: 1.7733728 | O13: 0.00080881799 | P13: 0.0059656859 | Q13: -0.018840293 | R13: 0 | S13: 3.982295 | T13: -0.00075783404 | U13: 1 | V13: 0 | W13: 0 | X13: 0 | Y13: 1 | Z13: 0 | AA13: 0 | AB13: 0 | AC13: -1 | AD13: 2 | AE13: 53.59 | AF13: 0.27 | AG13: -1 | AH13: 2 | AI13: 53.59 | AJ13: 0.27 | AK13: -1 | AL13: 2 | AM13: 53.59 | AN13: 0.27 | AO13: -1 | AP13: 1 | AQ13: 53.59 | AR13: 0.27 | AS13: -1 | AT13: 1 | AU13: 53.59 | AV13: 0.27 | AW13: -1 | AX13: 1 | AY13: 53.59 | AZ13: 0.27 | BA13: 0.00056
A14: 2026-10-12 | B14: 10:51 | C14: CCC | D14: 7.63 | E14: 2026-10-12 10:50:00-04:00 | G14: off | H14: -1.444 | I14: stop | J14: vwap_pullback | K14: 81 | L14: 0.090455873 | M14: 0.094017073 | N14: 1.5052777 | O14: 0.0015377803 | P14: 0.0032658666 | Q14: -0.010981856 | R14: 0 | S14: 2.0353591 | T14: -0.00074819159 | U14: 1 | V14: 0 | W14: 0 | X14: 0 | Y14: 0 | Z14: 0 | AA14: 0 | AB14: 0 | AC14: -1 | AD14: 2 | AE14: 7.655 | AF14: 0.025 | AG14: -1 | AH14: 2 | AI14: 7.655 | AJ14: 0.025 | AK14: -1 | AL14: 2 | AM14: 7.655 | AN14: 0.025 | AO14: -1 | AP14: 1 | AQ14: 7.655 | AR14: 0.025 | AS14: -1 | AT14: 1 | AU14: 7.655 | AV14: 0.025 | AW14: -1 | AX14: 1 | AY14: 7.655 | AZ14: 0.025 | BA14: 0.00131
A15: 2026-10-12 | B15: 12:29 | C15: ECO | D15: 98.06 | E15: 2026-10-12 12:28:00-04:00 | G15: off | H15: -1.469 | I15: stop | J15: vwap_pullback | K15: 179 | L15: 0.055096093 | M15: 0.040274943 | N15: 1.1005382 | O15: 0.00071941676 | P15: 0.0018322259 | Q15: -0.0089781036 | R15: 0 | S15: 4.5874134 | T15: -0.00057799839 | U15: 1 | V15: 0 | W15: 0 | X15: 0 | Y15: 0 | Z15: 0 | AA15: 0 | AB15: 0 | BA15: 0.00326
A16: 2026-10-12 | B16: 12:29 | C16: ECO | D16: 97.71 | E16: 2026-10-12 12:28:00-04:00 | G16: off | H16: 0.388 | I16: breakeven | J16: ema_bounce | K16: 179 | L16: 0.055096093 | M16: 0.040274943 | N16: 1.1005382 | O16: 0.00071941676 | P16: 0.0053949295 | Q16: -0.0089781036 | R16: 0 | S16: 4.5874134 | T16: -0.00057799839 | U16: 1 | V16: 0 | W16: 0 | X16: 0 | Y16: 0 | Z16: 0 | AA16: 0 | AB16: 0 | AC16: 0.5 | AD16: 1.5 | AE16: 98.23 | AF16: 0.52 | AG16: 0.1346 | AH16: 2 | AI16: 98.23 | AJ16: 0.52 | AK16: 0.7786 | AL16: 1.5 | AM16: 98.23 | AN16: 0.52 | AO16: 0.5 | AP16: 0.5 | AQ16: 98.23 | AR16: 0.52 | AS16: 0.1346 | AT16: 1 | AU16: 98.23 | AV16: 0.52 | AW16: 0.7786 | AX16: 0.5 | AY16: 98.23 | AZ16: 0.52 | BA16: 0.00326
A17: 2026-10-12 | B17: 12:29 | C17: MDT | D17: 91.15 | E17: 2026-10-12 12:28:00-04:00 | G17: off | H17: -0.441 | I17: time | J17: ema_bounce | K17: 179 | L17: 0.037360923 | M17: 0.02576852 | N17: 1.3494305 | O17: 0.00033376964 | P17: 0.0069258932 | Q17: -0.011675512 | R17: 0 | S17: 4.5194565 | T17: -0.00057799839 | U17: 1 | V17: 0 | W17: 0 | X17: 0 | Y17: 0 | Z17: 0 | AA17: 0 | AB17: 0 | AC17: -0.1 | AD17: 2 | AE17: 91.79 | AF17: 0.64 | AG17: -0.1 | AH17: 2 | AI17: 91.79 | AJ17: 0.64 | AK17: -0.1 | AL17: 2 | AM17: 91.79 | AN17: 0.64 | AO17: -0.0939 | AP17: 1 | AQ17: 91.7857 | AR17: 0.6357 | AS17: -0.0939 | AT17: 1 | AU17: 91.7857 | AV17: 0.6357 | AW17: -0.0939 | AX17: 1 | AY17: 91.7857 | AZ17: 0.6357 | BA17: 0.00011
A18: 2026-10-12 | B18: 12:48 | C18: BORR | D18: 5.02 | E18: 2026-10-12 12:47:00-04:00 | G18: off | H18: -1.327 | I18: stop | J18: ema_bounce | K18: 198 | L18: 0.060669445 | M18: 0.031380672 | N18: 1.2660543 | O18: 0.00065155776 | P18: 0.0098619665 | Q18: -0.030592705 | R18: 0 | S18: 1.6233409 | T18: -0.00063577471 | U18: 1 | V18: 0 | W18: 0 | X18: 0 | Y18: 0 | Z18: 0 | AA18: 0 | AB18: 0 | AC18: -1 | AD18: 2 | AE18: 5.0612 | AF18: 0.0412 | AG18: -1 | AH18: 2 | AI18: 5.0612 | AJ18: 0.0412 | AK18: -1 | AL18: 2 | AM18: 5.0612 | AN18: 0.0412 | AO18: -1 | AP18: 1 | AQ18: 5.0612 | AR18: 0.0412 | AS18: -1 | AT18: 1 | AU18: 5.0612 | AV18: 0.0412 | AW18: -1 | AX18: 1 | AY18: 5.0612 | AZ18: 0.0412 | BA18: 0.00197
A19: 2026-10-12 | B19: 13:45 | C19: MDT | D19: 91.83 | E19: 2026-10-12 13:44:00-04:00 | G19: off | H19: -1.418 | I19: stop | J19: vwap_pullback | K19: 255 | L19: 0.040122008 | M19: 0.02576852 | N19: 1.1399513 | O19: 0.002967356 | P19: 0.0021731912 | Q19: -0.0090449439 | R19: 0 | S19: 4.5221146 | T19: -0.0010789355 | U19: 1 | V19: 0 | W19: 0 | X19: 0 | Y19: 0 | Z19: 0 | AA19: 0 | AB19: 0 | AC19: -1 | AD19: 2 | AE19: 92.025 | AF19: 0.195 | AG19: -1 | AH19: 2 | AI19: 92.025 | AJ19: 0.195 | AK19: -1 | AL19: 2 | AM19: 92.025 | AN19: 0.195 | AO19: -1 | AP19: 1 | AQ19: 92.025 | AR19: 0.195 | AS19: -1 | AT19: 1 | AU19: 92.025 | AV19: 0.195 | AW19: -1 | AX19: 1 | AY19: 92.025 | AZ19: 0.195 | BA19: 0.00011
A20: 2026-10-12 | B20: 14:01 | C20: ALHC | D20: 8.09 | E20: 2026-10-12 14:00:00-04:00 | G20: off | H20: 0.323 | I20: breakeven | J20: vwap_pullback | K20: 271 | L20: 0.07687209 | M20: -0.0072896361 | N20: 0.48820644 | O20: 0.0046530746 | P20: 0.0043076923 | Q20: -0.022262384 | R20: 0 | S20: 2.0949457 | T20: -0.0011944882 | U20: 1 | V20: 0 | W20: 0 | X20: 0 | Y20: 0 | Z20: 0 | AA20: 0 | AB20: 0 | AC20: 1.5 | AD20: 1 | AE20: 8.1265 | AF20: 0.0365 | AG20: 0.5069 | AH20: 2 | AI20: 8.1265 | AJ20: 0.0365 | AK20: 0.8219 | AL20: 1.5 | AM20: 8.1265 | AN20: 0.0365 | AO20: 1.5 | AP20: 0 | AQ20: 8.125 | AR20: 0.035 | AS20: 0.5714 | AT20: 1 | AU20: 8.125 | AV20: 0.035 | AW20: 0.8571 | AX20: 0.5 | AY20: 8.125 | AZ20: 0.035 | BA20: 0.00123
A21: 2026-10-12 | B21: 15:30 | C21: ECO | D21: 98.32 | E21: 2026-10-12 15:29:00-04:00 | G21: off | J21: eod_squeeze | K21: 360 | L21: 0.05714532 | M21: 0.040274943 | N21: 1.0816015 | O21: 0.0021181074 | P21: 0.001125678 | Q21: -0.0070533227 | R21: 0 | S21: 4.5893538 | T21: -0.0016055075 | U21: 1 | V21: 0 | W21: 0 | X21: 0 | Y21: 0 | Z21: 0
A22: 2026-10-12 | B22: 15:46 | C22: ALHC | D22: 8.1 | E22: 2026-10-12 15:45:00-04:00 | G22: off | J22: eod_squeeze | K22: 376 | L22: 0.09078853 | M22: -0.0072896361 | N22: 0.43291198 | O22: 0.016155167 | P22: 0.015795814 | Q22: -0.0096270606 | R22: 0 | S22: 2.107786 | T22: -0.00083489527 | U22: 1 | V22: 0 | W22: 0 | X22: 0 | Y22: 0 | Z22: 0

Sheet Alpaca fills
A1: date | B1: account | C1: strategy | D1: ticker | E1: sim_pnl | F1: alp_shares_in | G1: alp_shares_out | H1: alp_avg_entry | I1: alp_pnl | J1: status
A2: 2026-10-12 | B2: 200 | C2: vwap_pullback | D2: BORR | E2: -2.88 | F2: 28 | G2: 28 | H2: 5.13 | I2: -1.12 | J2: closed
A3: 2026-10-12 | B3: 250 | C3: failed_breakdown | D3: CCC | E3: 3 | F3: 29 | G3: 29 | H3: 7.56 | I3: -1.16 | J3: closed
A4: 2026-10-12 | B4: 400 | C4: vwap_pullback | D4: BORR | E4: -5.88 | F4: 57 | G4: 57 | H4: 5.13 | I4: -2.28 | J4: closed
A5: 2026-10-12 | B5: 550 | C5: failed_breakdown | D5: CCC | E5: 6.48 | F5: 64 | G5: 64 | H5: 7.56 | I5: -2.56 | J5: closed
A6: 2026-10-12 | B6: 350 | C6: bull_flag | D6: ALHC | E6: -4.64 | F6: 27 | G6: 27 | H6: 8.09 | I6: -3.24 | J6: closed
